{"cameraMode":{"drawMode":0,"name":"Shaded","section":"Shading Mode"},"sceneLighting":true,"audioPlay":false,"sceneViewState":{"showFog":true,"showMaterialUpdate":false,"showSkybox":true,"showFlares":true,"showImageEffects":true,"showParticleSystems":true},"in2DMode":false,"pivot":{"x":2.2248592376708986,"y":7.656411647796631,"z":55.239749908447269},"rotation":{"x":-0.06673271954059601,"y":-0.061651259660720828,"z":0.00418113311752677,"w":-0.9960706233978272},"size":43.79215621948242,"orthographic":false}